Team,Opponent,Ground,Year,Player Of The Match,Result
Pakistan,Sri Lanka,Sharjah,1984,Roy Dias,Lose
Sri Lanka,Pakistan,Sharjah,1984,Roy Dias,Win
India,Sri Lanka,Sharjah,1984,Surinder Khanna,Win
Sri Lanka,India,Sharjah,1984,Surinder Khanna,Lose
India,Pakistan,Sharjah,1984,Surinder Khanna,Win
Pakistan,India,Sharjah,1984,Surinder Khanna,Lose
Sri Lanka,Pakistan,Colombo(PSS),1986,Mohsin Khan,Lose
Pakistan,Sri Lanka,Colombo(PSS),1986,Mohsin Khan,Win
Bangladesh,Pakistan,Moratuwa,1986,Wasim Akram,Lose
Pakistan,Bangladesh,Moratuwa,1986,Wasim Akram,Win
Sri Lanka,Bangladesh,Kandy,1986,Asanka Gurusinha,win
Bangladesh,Sri Lanka,Kandy,1986,Asanka Gurusinha,Lose
Sri Lanka,Pakistan,Colombo(SSC),1986,Javed Miandad,Win
Pakistan,Sri Lanka,Colombo(SSC),1986,Javed Miandad,Lose
Pakistan,Sri Lanka,Dhaka,1988,Roshan Mahanama,Lose
Sri Lanka,Pakistan,Dhaka,1988,Roshan Mahanama,Win
Bangladesh,India,Chattogram,1988,Navjot Sidhu,Lose
India,Bangladesh,Chattogram,1988,Navjot Sidhu,Win
India,Sri Lanka,Dhaka,1988,Aravinda de Silva,Lose
Sri Lanka,India,Dhaka,1988,Aravinda de Silva,Win
Bangladesh,Pakistan,Chattogram,1988,Moin ul Atiq,Lose
Pakistan,Bangladesh,Chattogram,1988,Moin ul Atiq,Win
India,Pakistan,Dhaka,1988,Arshad Ayub,Win
Pakistan,India,Dhaka,1988,Arshad Ayub,Lose
Bangladesh,Sri Lanka,Dhaka,1988,Brendon Kuruppu,Lose
Sri Lanka,Bangladesh,Dhaka,1988,Brendon Kuruppu,Win
India,Sri Lanka,Dhaka,1988,Navjot Sidhu,Win
Sri Lanka,India,Dhaka,1988,Navjot Sidhu,Lose
India,Bangladesh,Chandigarh,1990,Navjot Sidhu,Win
Bangladesh,India,Chandigarh,1990,Navjot Sidhu,Lose
India,Sri Lanka,Cuttack,1990,Arjuna Ranatunga,Lose
Sri Lanka,India,Cuttack,1990,Arjuna Ranatunga,Win
Bangladesh,Sri Lanka,Kolkata,1990,Athar Ali Khan,Lose
Sri Lanka,Bangladesh,Kolkata,1990,Athar Ali Khan,Win
India,Sri Lanka,Kolkata,1991,Mohammad Azharuddin,Win
Sri Lanka,India,Kolkata,1991,Mohammad Azharuddin,Lose
Bangladesh,India,Sharjah,1995,Manoj Prabhakar,Lose
India,Bangladesh,Sharjah,1995,Manoj Prabhakar,Win
Bangladesh,Sri Lanka,Sharjah,1995,Arjuna Ranatunga,Lose
Sri Lanka,Bangladesh,Sharjah,1995,Arjuna Ranatunga,Win
India,Pakistan,Sharjah,1995,Aaqib Javed,Lose
Pakistan,India,Sharjah,1995,Aaqib Javed,Win
Bangladesh,Pakistan,Sharjah,1995,Wasim Akram,Lose
Pakistan,Bangladesh,Sharjah,1995,Wasim Akram,Win
India,Sri Lanka,Sharjah,1995,Sachin Tendulkar,Win
Sri Lanka,India,Sharjah,1995,Sachin Tendulkar,Lose
Pakistan,Sri Lanka,Sharjah,1995,Sanath Jayasuriya,Lose
Sri Lanka,Pakistan,Sharjah,1995,Sanath Jayasuriya,Win
India,Sri Lanka,Sharjah,1995,Mohammad Azharuddin,Win
Sri Lanka,India,Sharjah,1995,Mohammad Azharuddin,Lose
Sri Lanka,Pakistan,Colombo(RPS),1997,Marvan Atapattu,Win
Pakistan,Sri Lanka,Colombo(RPS),1997,Marvan Atapattu,Lose
Bangladesh,Pakistan,Colombo(RPS),1997,Saeed Anwar,Lose
Pakistan,Bangladesh,Colombo(RPS),1997,Saeed Anwar,Win
Sri Lanka,India,Colombo(RPS),1997,Arjuna Ranatunga,Win
India,Sri Lanka,Colombo(RPS),1997,Arjuna Ranatunga,Lose
India,Pakistan,Colombo(SSC),1997,,No Result
Pakistan,India,Colombo(SSC),1997,,No Result
Sri Lanka,Bangladesh,Colombo(SSC),1997,Sanath Jayasuriya,Win
Bangladesh,Sri Lanka,Colombo(SSC),1997,Sanath Jayasuriya,Lose
Bangladesh,India,Colombo(SSC),1997,Sourav Ganguly,Lose
India,Bangladesh,Colombo(SSC),1997,Sourav Ganguly,Win
Sri Lanka,India,Colombo(RPS),1997,Marvan Atapattu,Win
India,Sri Lanka,Colombo(RPS),1997,Marvan Atapattu,Lose
Bangladesh,Sri Lanka,Dhaka,2000,Aravinda de Silva,Lose
Sri Lanka,Bangladesh,Dhaka,2000,Aravinda de Silva,Win
Bangladesh,India,Dhaka,2000,Sourav Ganguly,Lose
India,Bangladesh,Dhaka,2000,Sourav Ganguly,Win
India,Sri Lanka,Dhaka,2000,Sanath Jayasuriya,Lose
Sri Lanka,India,Dhaka,2000,Sanath Jayasuriya,Win
Bangladesh,Pakistan,Dhaka,2000,Imran Nazir,Lose
Pakistan,Bangladesh,Dhaka,2000,Imran Nazir,Win
India,Pakistan,Dhaka,2000,Mohammad Yousuf,Lose
Pakistan,India,Dhaka,2000,Mohammad Yousuf,Win
Pakistan,Sri Lanka,Dhaka,2000,Mohammad Yousuf,Win
Sri Lanka,Pakistan,Dhaka,2000,Mohammad Yousuf,Lose
Pakistan,Sri Lanka,Dhaka,2000,Moin Khan,Win
Sri Lanka,Pakistan,Dhaka,2000,Moin Khan,Lose
Bangladesh,Hong Kong,Colombo(SSC),2004,Javed Omar,Win
Hong Kong,Bangladesh,Colombo(SSC),2004,Javed Omar,Lose
India,UAE,Dambulla,2004,Rahul Dravid,Win
UAE,India,Dambulla,2004,Rahul Dravid,Lose
Bangladesh,Pakistan,Colombo(SSC),2004,Yasir Hameed,Lose
Pakistan,Bangladesh,Colombo(SSC),2004,Yasir Hameed,Win
Sri Lanka,UAE,Dambulla,2004,Khurram Khan,Win
UAE,Sri Lanka,Dambulla,2004,Khurram Khan,Lose
Hong Kong,Pakistan,Colombo(SSC),2004,Shoaib Malik,Lose
Pakistan,Hong Kong,Colombo(SSC),2004,Shoaib Malik,Win
Sri Lanka,India,Dambulla,2004,Nuwan Zoysa,Win
India,Sri Lanka,Dambulla,2004,Nuwan Zoysa,Lose
Bangladesh,India,Colombo(SSC),2004,Sachin Tendulkar,Lose
India,Bangladesh,Colombo(SSC),2004,Sachin Tendulkar,Win
Sri Lanka,Pakistan,Colombo(RPS),2004,Nuwan Zoysa,Win
Pakistan,Sri Lanka,Colombo(RPS),2004,Nuwan Zoysa,Lose
Sri Lanka,Bangladesh,Colombo(RPS),2004,Sanath Jayasuriya,Win
Bangladesh,Sri Lanka,Colombo(RPS),2004,Sanath Jayasuriya,Lose
India,Pakistan,Colombo(RPS),2004,Shoaib Malik,Lose
Pakistan,India,Colombo(RPS),2004,Shoaib Malik,Win
Sri Lanka,India,Colombo(RPS),2004,Virender Sehwag,Lose
India,Sri Lanka,Colombo(RPS),2004,Virender Sehwag,Win
Bangladesh,Pakistan,Colombo(RPS),2004,Shoaib Malik,Lose
Pakistan,Bangladesh,Colombo(RPS),2004,Shoaib Malik,Win
Sri Lanka,India,Colombo(RPS),2004,Marvan Atapattu,Win
India,Sri Lanka,Colombo(RPS),2004,Marvan Atapattu,Lose
Bangladesh,UAE,Lahore,2008,Mohammad Ashraful,Win
UAE,Bangladesh,Lahore,2008,Mohammad Ashraful,Lose
Pakistan,Hong Kong,Karachi,2008,Sohail Tanvir,Win
Hong Kong,Pakistan,Karachi,2008,Sohail Tanvir,Lose
Bangladesh,Sri Lanka,Lahore,2008,Kumar Sangakkara,Lose
Sri Lanka,Bangladesh,Lahore,2008,Kumar Sangakkara,Win
Hong Kong,India,Karachi,2008,Suresh Raina,Lose
India,Hong Kong,Karachi,2008,Suresh Raina,Win
Pakistan,India,Karachi,2008,Suresh Raina,Lose
India,Pakistan,Karachi,2008,Suresh Raina,Win
Sri Lanka,UAE,Lahore,2008,Ajantha Mendis,Win
UAE,Sri Lanka,Lahore,2008,Ajantha Mendis,Lose
Bangladesh,India,Karachi,2008,Suresh Raina,Lose
India,Bangladesh,Karachi,2008,Suresh Raina,Win
Pakistan,Sri Lanka,Karachi,2008,Kumar Sangakkara,Lose
Sri Lanka,Pakistan,Karachi,2008,Kumar Sangakkara,Win
Bangladesh,Sri Lanka,Karachi,2008,Sanath Jayasuriya,Lose
Sri Lanka,Bangladesh,Karachi,2008,Sanath Jayasuriya,Win
Pakistan,India,Karachi,2008,Younis Khan,Win
India,Pakistan,Karachi,2008,Younis Khan,Lose
India,Sri Lanka,Karachi,2008,MS Dhoni,Win
Sri Lanka,India,Karachi,2008,MS Dhoni,Lose
Pakistan,Bangladesh,Karachi,2008,Abdur Rauf,Win
Bangladesh,Pakistan,Karachi,2008,Abdur Rauf,Lose
India,Sri Lanka,Karachi,2008,Ajantha Mendis,Lose
Sri Lanka,India,Karachi,2008,Ajantha Mendis,Win
Sri Lanka,Pakistan,Dambulla,2010,Shahid Afridi,Win
Pakistan,Sri Lanka,Dambulla,2010,Shahid Afridi,Lose
Bangladesh,India,Dambulla,2010,Gautam Gambhir,Lose
India,Bangladesh,Dambulla,2010,Gautam Gambhir,Win
Sri Lanka,Bangladesh,Dambulla,2010,Tillakaratne Dilshan,Win
Bangladesh,Sri Lanka,Dambulla,2010,Tillakaratne Dilshan,Lose
India,Pakistan,Dambulla,2010,Gautam Gambhir,Win
Pakistan,India,Dambulla,2010,Gautam Gambhir,Lose
Bangladesh,Pakistan,Dambulla,2010,Shahid Afridi,Lose
Pakistan,Bangladesh,Dambulla,2010,Shahid Afridi,Win
Sri Lanka,India,Dambulla,2010,Farveez Maharoof,Win
India,Sri Lanka,Dambulla,2010,Farveez Maharoof,Lose
Sri Lanka,India,Dambulla,2010,Dinesh Karthik,Lose
India,Sri Lanka,Dambulla,2010,Dinesh Karthik,Win
Bangladesh,Pakistan,Mirpur,2012,Mohammad Hafeez,Lose
Pakistan,Bangladesh,Mirpur,2012,Mohammad Hafeez,Win
India,Sri Lanka,Mirpur,2012,Virat Kohli,Win
Sri Lanka,India,Mirpur,2012,Virat Kohli,Lose
Pakistan,Sri Lanka,Mirpur,2012,Aizaz Cheema,Win
Sri Lanka,Pakistan,Mirpur,2012,Aizaz Cheema,Lose
Bangladesh,India,Mirpur,2012,Shakib Al Hasan,Win
India,Bangladesh,Mirpur,2012,Shakib Al Hasan,Lose
India,Pakistan,Mirpur,2012,Virat Kohli,Win
Pakistan,India,Mirpur,2012,Virat Kohli,Lose
Bangladesh,Sri Lanka,Mirpur,2012,Shakib Al Hasan, Win D/L
Sri Lanka,Bangladesh,Mirpur,2012,Shakib Al Hasan, Lose D/L
Bangladesh,Pakistan,Mirpur,2012,Shahid Afridi,Lose
Pakistan,Bangladesh,Mirpur,2012,Shahid Afridi,Win
Pakistan,Sri Lanka,Fatullah,2014,Lasith Malinga,Lose
Sri Lanka,Pakistan,Fatullah,2014,Lasith Malinga,Win
Bangladesh,India,Fatullah,2014,Virat Kohli,Lose
India,Bangladesh,Fatullah,2014,Virat Kohli,Win
Afghanistan,Pakistan,Fatullah,2014,Umar Akmal,Lose
Pakistan,Afghanistan,Fatullah,2014,Umar Akmal,Win
India,Sri Lanka,Fatullah,2014,Kumar Sangakkara,Lose
Sri Lanka,India,Fatullah,2014,Kumar Sangakkara,Win
Bangladesh,Afghanistan,Fatullah,2014,Samiullah Shinwari,Lose
Afghanistan,Bangladesh,Fatullah,2014,Samiullah Shinwari,Win
India,Pakistan,Mirpur,2014,Mohammad Hafeez,Lose
Pakistan,India,Mirpur,2014,Mohammad Hafeez,Win
Afghanistan,Sri Lanka,Mirpur,2014,Kumar Sangakkara,Lose
Sri Lanka,Afghanistan,Mirpur,2014,Kumar Sangakkara,Win
Bangladesh,Pakistan,Mirpur,2014,Shahid Afridi,Lose
Pakistan,Bangladesh,Mirpur,2014,Shahid Afridi,Win
Afghanistan,India,Mirpur,2014,Ravindra Jadeja,Lose
India,Afghanistan,Mirpur,2014,Ravindra Jadeja,Win
Bangladesh,Sri Lanka,Mirpur,2014,Angelo Mathews,Lose
Sri Lanka,Bangladesh,Mirpur,2014,Angelo Mathews,Win
Pakistan,Sri Lanka,Mirpur,2014,Lasith Malinga,Lose
Sri Lanka,Pakistan,Mirpur,2014,Lasith Malinga,Win
Bangladesh,Sri Lanka,Dubai(DSC),2018,Mushfiqur Rahim,Win
Sri Lanka,Bangladesh,Dubai(DSC),2018,Mushfiqur Rahim,Lose
Hong Kong,Pakistan,Dubai(DSC),2018,Usman Shinwari,Lose
Pakistan,Hong Kong,Dubai(DSC),2018,Usman Shinwari,Win
Afghanistan,Sri Lanka,Abu Dhabi,2018,Rahmat Shah,Win
Sri Lanka,Afghanistan,Abu Dhabi,2018,Rahmat Shah,Lose
Hong Kong,India,Dubai(DSC),2018,Shikhar Dhawan,Lose
India,Hong Kong,Dubai(DSC),2018,Shikhar Dhawan,Win
India,Pakistan,Dubai(DSC),2018,Bhuvneshwar Kumar,Win
Pakistan,India,Dubai(DSC),2018,Bhuvneshwar Kumar,Lose
Afghanistan,Bangladesh,Abu Dhabi,2018,Rashid Khan,Win
Bangladesh,Afghanistan,Abu Dhabi,2018,Rashid Khan,Lose
Bangladesh,India,Dubai(DSC),2018,Ravindra Jadeja,Lose
India,Bangladesh,Dubai(DSC),2018,Ravindra Jadeja,Win
Afghanistan,Pakistan,Abu Dhabi,2018,Shoaib Malik,Lose
Pakistan,Afghanistan,Abu Dhabi,2018,Shoaib Malik,Win
India,Pakistan,Dubai(DSC),2018,Shikhar Dhawan,Win
Pakistan,India,Dubai(DSC),2018,Shikhar Dhawan,Lose
Afghanistan,Bangladesh,Abu Dhabi,2018,Mahmudullah,Lose
Bangladesh,Afghanistan,Abu Dhabi,2018,Mahmudullah,Win
Afghanistan,India,Dubai(DSC),2018,Mohammad Shahzad,No Result
India,Afghanistan,Dubai(DSC),2018,Mohammad Shahzad,No Result
Bangladesh,Pakistan,Abu Dhabi,2018,Mushfiqur Rahim,Win
Pakistan,Bangladesh,Abu Dhabi,2018,Mushfiqur Rahim,Lose
Bangladesh,India,Dubai(DSC),2018,Litton Das,Lose
India,Bangladesh,Dubai(DSC),2018,Litton Das,Win
